{
 "win_rate": 0.47482,
 "vote_threshold": [
  -0.027000000000000003,
  -0.026000000000000002,
  1.071
 ],
 "failable_vote_threshold": [
  0.081,
  0.032,
  1.09
 ],
 "betray_rate": [
  0.118,
  0.101,
  0.2
 ],
 "risky_betray_rate": [
  0.077,
  0.08499999999999999,
  0.121
 ],
 "opponent_betray_rate": [
  0.101,
  0.13,
  0.191
 ]
}