{
 "vote_threshold": [
  -0.027000000000000003,
  -0.026000000000000002,
  1.051
 ],
 "failable_vote_threshold": [
  0.051000000000000004,
  0.052000000000000005,
  1.1
 ],
 "betray_rate": [
  0.098,
  0.101,
  0.2
 ],
 "risky_betray_rate": [
  0.077,
  0.075,
  0.151
 ],
 "opponent_betray_rate": [
  0.101,
  0.1,
  0.201
 ]
}